L,t,U,N_bosons,N_max,GndEigenval,GndEigenvec,FirstExcitedEigenval,Entropy
10,0,1,10,3,1.3884889645663116e-11,<block2.cpx.sany.MultiMPS object at 0x000001DE54BF7870>,1.0000000000014648,"[ 0.00000000e+00  0.00000000e+00 -4.44089210e-16  0.00000000e+00
  2.22044605e-16  4.91919781e-12  1.80804816e-02  9.10675445e-01
  1.22156541e+00]"
10,0,1,10,3,1.3884889645663116e-11,<block2.cpx.sany.MultiMPS object at 0x000001DE54BF7870>,1.0000000000014648,"[ 0.00000000e+00  0.00000000e+00 -4.44089210e-16  0.00000000e+00
  2.22044605e-16  4.91919781e-12  1.80804816e-02  9.10675445e-01
  1.22156541e+00]"
10,0.2,1,10,3,-1.1309347602934474,<block2.cpx.sany.MultiMPS object at 0x000001DE7D29B7F0>,-0.6777842455872646,"[0.52143039 0.88209063 1.2439911  1.55565468 1.79203687 1.94001935
 1.98090262 1.89704035 1.75147432]"
10,0.3,1,10,3,-2.1451196917851143,<block2.cpx.sany.MultiMPS object at 0x000001DE7D1DE1F0>,-1.7703865441686804,"[0.65683151 1.01516273 1.39037595 1.70527901 1.94000465 2.08203646
 2.12170238 2.03666614 1.92901279]"
10,0.4,1,10,3,-3.261272667660921,<block2.cpx.sany.MultiMPS object at 0x000001DE54EC2FF0>,-2.932988020300127,"[0.74366585 1.09614186 1.48145443 1.79199672 2.02456738 2.16518128
 2.20731144 2.11851806 2.03756814]"
10,0.5,1,10,3,-4.432249696935773,<block2.cpx.sany.MultiMPS object at 0x000001DE54EC2530>,-4.136249936522427,"[0.80068544 1.14648633 1.54009653 1.84622646 2.07960101 2.22123941
 2.26487992 2.17094086 2.10794824]"
