L,t,U,N_bosons,N_max,GndEigenval,GndEigenvec,FirstExcitedEigenval,Entropy
10,0,1,10,3,1.3884889645663116e-11,<block2.cpx.sany.MultiMPS object at 0x0000020AE485E170>,1.0000000000014648,"[ 0.00000000e+00  0.00000000e+00 -4.44089210e-16  0.00000000e+00
  2.22044605e-16  4.91919781e-12  1.80804816e-02  9.10675445e-01
  1.22156541e+00]"
10,0.1,1,10,3,-0.35075409946871533,<block2.cpx.sany.MultiMPS object at 0x0000020AAB2BDAF0>,0.20494093077911446,"[0.36214849 0.708179   1.04437066 1.32180222 1.53828901 1.69023558
 1.74765726 1.6799792  1.50832636]"
