L,t,U,N_bosons,N_max,GndEigenval,GndEigenvec,FirstExcitedEigenval,Entropy
10,0,1,10,3,1.3884889645663116e-11,<block2.cpx.sany.MultiMPS object at 0x00000253E0E4F0B0>,1.0000000000014648,"[ 0.00000000e+00  0.00000000e+00 -4.44089210e-16  0.00000000e+00
  2.22044605e-16  4.91919781e-12  1.80804816e-02  9.10675445e-01
  1.22156541e+00]"
10,0.1,1,10,3,-0.32949069184156166,<block2.cpx.sany.MultiMPS object at 0x00000253F94E44B0>,0.3005328337130305,"[0.32007855 0.62641355 0.90113902 1.10190945 1.24595568 1.33458416
 1.33490922 1.21091624 0.99732238]"
